{"inception_year":{"0":0.0000207175,"1":-0.0000398023,"2":0.0000282781,"3":-0.0000649116,"4":-0.000408079,"5":0.0000686317,"6":0.0002819025,"7":-0.0005009534,"8":-0.0000728405,"9":0.0004966557,"10":-0.0006490167,"11":-0.0000588907,"12":-0.000772254,"13":-0.0001327781,"14":0.0000471013},"money":{"0":0.0458327676,"1":-0.340727197,"2":0.357921682,"3":0.3607615993,"4":0.1458295485,"5":0.0069071294,"6":-0.3795626977,"7":2.4405456391,"8":3.5140215837,"9":-1.1947910467,"10":0.071537986,"11":0.4925861538,"12":0.816734096,"13":0.9191633356,"14":1.6988912714},"health":{"0":-1.1170105469,"1":0.0323799313,"2":0.1147688753,"3":-1.1104061785,"4":-1.89793561,"5":-1.4535709791,"6":0.2325269582,"7":1.2947838119,"8":-0.0845597516,"9":-0.2269832738,"10":0.7906914695,"11":-1.7783980482,"12":1.6454457373,"13":1.6978566994,"14":1.5537363659},"government":{"0":-1.4790186737,"1":0.8634208327,"2":0.6153311727,"3":-1.7455306582,"4":-1.968946741,"5":-2.2127864945,"6":-2.2811895049,"7":0.3938232997,"8":-0.4418046826,"9":0.129381466,"10":-1.8353092795,"11":3.7101615595,"12":2.9437345063,"13":-0.2640071619,"14":1.5645426806},"leisure":{"0":1.3032662737,"1":-0.6886905117,"2":0.170214119,"3":0.2247921233,"4":0.702710307,"5":0.1010388488,"6":1.1727174671,"7":1.7769910123,"8":1.3292298975,"9":-0.7091125926,"10":1.1435076793,"11":0.7131774045,"12":2.0472515076,"13":-0.7125815287,"14":-1.1695465243},"technology":{"0":2.8928857228,"1":-0.1474386972,"2":-0.8836601342,"3":-1.8101859957,"4":-1.2617604611,"5":-0.2805219381,"6":-0.7177710668,"7":-0.4873126255,"8":1.3905571616,"9":3.3054207971,"10":0.0662862563,"11":1.3233916946,"12":-0.3271384323,"13":-0.9403487894,"14":0.6209687246},"cinema_television":{"0":0.1560060709,"1":-0.0627360051,"2":-0.4443881594,"3":-0.8050826423,"4":-0.5702879267,"5":-0.6454535584,"6":2.4388204404,"7":-0.4575355132,"8":-0.5019660378,"9":-0.3336312136,"10":-0.2985769267,"11":2.0447809121,"12":-0.001457933,"13":-0.2332247336,"14":-0.2549896326},"tourism":{"0":-0.2774350606,"1":0.0837458067,"2":0.1693182127,"3":0.1353133131,"4":-0.5448531606,"5":-0.0194365542,"6":-0.452864436,"7":0.9217542389,"8":1.4091050151,"9":-0.160323662,"10":-0.4197432154,"11":0.6399555197,"12":1.3857991327,"13":-0.5670158065,"14":0.0992295483},"journalism":{"0":-0.313427237,"1":-0.0883453156,"2":0.1089362483,"3":-0.4376461743,"4":-0.3923280124,"5":-0.6893806266,"6":0.8425018161,"7":-1.1552422562,"8":0.626789546,"9":-0.6461317818,"10":0.7111198241,"11":-0.8064140703,"12":-0.7967047445,"13":-1.0617891841,"14":0.9110332662},"banking":{"0":-0.646779127,"1":0.1476991153,"2":0.5523129235,"3":0.6653790825,"4":0.0350872632,"5":0.1618844943,"6":-0.5179761603,"7":2.3568361589,"8":0.8825842757,"9":-0.8337304266,"10":-0.46045542,"11":0.263021006,"12":-0.6893265803,"13":0.6922512697,"14":0.3750169131},"social_media":{"0":0.766679249,"1":-0.148545945,"2":0.1070153793,"3":0.0465636773,"4":-0.5870734881,"5":-0.0749550327,"6":-0.0105111446,"7":0.3011398556,"8":2.1236822593,"9":0.2019022175,"10":0.7703509163,"11":1.0539947138,"12":-0.0575332145,"13":-1.2392882865,"14":-0.8222426984},"art":{"0":0.6083252356,"1":-0.1380845689,"2":-0.2867537622,"3":-1.4749611835,"4":0.2181369371,"5":-0.4960694761,"6":2.4410496218,"7":-0.9026970053,"8":-0.983751445,"9":-0.1718609467,"10":-0.0453191296,"11":0.2394289046,"12":-0.0653444806,"13":0.127492025,"14":-0.7469464889},"computer":{"0":1.0590336506,"1":-0.5625169398,"2":-0.2491519783,"3":-1.323460567,"4":-0.3661903652,"5":-0.3252469915,"6":-0.3311657909,"7":0.2716112657,"8":0.3159650608,"9":0.7520053624,"10":0.0757716592,"11":0.502774257,"12":-0.0757932402,"13":0.536727761,"14":1.2408679573},"real_estate":{"0":-0.578861138,"1":-0.3210930244,"2":1.0781408518,"3":-0.3539577564,"4":-0.407121735,"5":-1.051419774,"6":0.325461768,"7":3.3442388807,"8":2.0280417314,"9":-0.067712254,"10":2.6802813375,"11":-1.4653240415,"12":1.6009733063,"13":2.4630569218,"14":-1.2600939857},"home":{"0":-0.2242150341,"1":0.3574404561,"2":0.6631478704,"3":-1.131455373,"4":-0.2239120835,"5":-2.0474854238,"6":1.6353179598,"7":1.1123705428,"8":0.5087136269,"9":-0.5589864223,"10":-0.0460000754,"11":0.8828365749,"12":0.5637103875,"13":0.5912784473,"14":-0.5025018355},"sexual":{"0":-0.0837268747,"1":1.7165540979,"2":-0.1057059831,"3":-0.2007563086,"4":0.1018862275,"5":-0.5421543987,"6":1.8134886761,"7":-0.4209748603,"8":-1.1014354199,"9":-0.1210650879,"10":-0.230424933,"11":1.909850939,"12":0.1563603136,"13":-0.661196301,"14":-0.020663908},"fiction":{"0":0.4859538319,"1":0.1213721788,"2":-0.0232130477,"3":0.0357245588,"4":-0.2051923373,"5":-0.1197064791,"6":0.8465585441,"7":-0.214623006,"8":-0.0566127585,"9":-0.0862112172,"10":0.4347420815,"11":0.2612243474,"12":-0.4081357158,"13":-0.1187768095,"14":0.0183827637},"business":{"0":1.2079407326,"1":-1.623318389,"2":0.5898262963,"3":-0.302259923,"4":0.1614512236,"5":1.4518792332,"6":-0.7357605636,"7":3.827625961,"8":4.4496859379,"9":0.552010286,"10":-1.1684155353,"11":-0.7394680319,"12":1.0138616413,"13":-0.0364658795,"14":0.9305356029},"cooking":{"0":-0.4598497116,"1":0.2911710989,"2":0.0724259289,"3":-0.1240978326,"4":-0.2450838569,"5":-0.0418408012,"6":-0.2126016523,"7":0.2401745068,"8":0.259586117,"9":0.3313976502,"10":0.4346742417,"11":0.2511484245,"12":-0.0721538865,"13":-0.2842084261,"14":1.0872007953},"religion":{"0":0.1224413375,"1":4.3005257124,"2":-0.6349155354,"3":-0.3162459144,"4":-0.5064899413,"5":-0.3082898077,"6":-0.741700374,"7":-1.376551488,"8":-0.3784315356,"9":-0.1795590154,"10":-0.8757687193,"11":0.601452781,"12":-0.7449603318,"13":0.2042693426,"14":0.4902712212},"internet":{"0":0.4839484809,"1":-0.0109215668,"2":0.2556294742,"3":-0.6127739948,"4":-0.1282201716,"5":-0.6265004017,"6":-0.042560381,"7":0.8086451947,"8":0.641245537,"9":1.4880610757,"10":0.4912577151,"11":0.5035260793,"12":-0.988635767,"13":-0.8765282406,"14":0.2618703468},"eating":{"0":-0.5560515729,"1":0.7830868041,"2":0.259382551,"3":-0.65885264,"4":-0.1010927233,"5":-0.1816448789,"6":0.4467554945,"7":-0.2336859309,"8":0.2797956427,"9":0.7932543078,"10":0.364667629,"11":-0.3128692033,"12":-0.423293176,"13":-0.236759872,"14":1.1948015638},"sports":{"0":-1.0170744283,"1":-0.964807644,"2":0.3684070959,"3":4.1422899822,"4":2.5440124482,"5":4.2716693467,"6":-3.180131254,"7":1.0177557341,"8":1.817377695,"9":-1.6225649073,"10":-0.34341488,"11":-0.8433200925,"12":-1.1185043731,"13":-1.5944356975,"14":-1.6741650324},"love":{"0":1.2030800076,"1":1.6344875438,"2":0.0850447011,"3":0.2902229669,"4":0.5864567313,"5":1.0696346664,"6":3.8945029762,"7":-0.5126875797,"8":-1.859139122,"9":-0.4044877196,"10":-0.7648470902,"11":0.3189239121,"12":0.4484337647,"13":-1.586834297,"14":-0.75659214},"weather":{"0":-0.0855799784,"1":1.3297954803,"2":-0.1742830117,"3":-0.6015130411,"4":-0.4169338409,"5":-0.1164701463,"6":0.3778446668,"7":1.5272678398,"8":-1.1516529036,"9":1.4126598206,"10":0.5742237461,"11":-0.4776583374,"12":0.162798724,"13":-1.2259890196,"14":0.0303725628},"music":{"0":1.2088236126,"1":-0.293477248,"2":-0.5563833959,"3":1.4297279774,"4":-0.5375636292,"5":-0.3893444505,"6":3.2140521267,"7":-1.409123906,"8":0.003535519,"9":-0.3333863301,"10":0.2154361633,"11":-0.345400983,"12":-0.9233507539,"13":-0.4316317444,"14":0.6333751242},"vehicle":{"0":-0.1134493161,"1":-0.3169374951,"2":-0.5003675363,"3":-0.2977199148,"4":1.4844385557,"5":-0.5164765311,"6":-0.500604364,"7":1.4578356791,"8":2.9523184368,"9":-0.3885542391,"10":-0.0594420575,"11":-0.3633714765,"12":1.237296375,"13":0.8692293405,"14":0.0025372111},"science":{"0":0.4597457275,"1":-0.3223113193,"2":-0.1006078486,"3":-0.6282365804,"4":-0.2947119462,"5":-0.5506773673,"6":0.2487118496,"7":-1.2688443638,"8":-0.6578514336,"9":0.9366792061,"10":-0.1458200462,"11":0.6207330175,"12":1.1719095932,"13":-0.0046549625,"14":-1.9658760669},"work":{"0":0.6648874551,"1":-1.5058189895,"2":0.9370779173,"3":-0.9746072414,"4":0.9152041431,"5":-0.8371541684,"6":-0.4253377086,"7":2.0865860645,"8":0.2559253165,"9":-0.8520765794,"10":2.0368847439,